workload,engine,problem_size,input_count,n,repetitions,trials,seconds_median,seconds_min,seconds_max,ns_per_input_median,ns_per_input_min,ns_per_input_max,timing_clock,run_id,provenance_file
euler,fortad,100,100,100,40000,7,  8.004079E-03,  7.880957E-03,  8.858178E-03,  2.001020E+00,  1.970239E+00,  2.214545E+00,system_clock_wall,20260809T043506Z-608942,results/enzyme_suite_sweep.20260809T043506Z-608942.json
euler,enzyme,100,100,100,40000,7,  1.464774E-02,  1.451741E-02,  1.508608E-02,  3.661934E+00,  3.629352E+00,  3.771520E+00,system_clock_wall,20260809T043506Z-608942,results/enzyme_suite_sweep.20260809T043506Z-608942.json
euler,tapenade,100,100,100,40000,7,  3.909054E-03,  3.839032E-03,  3.937728E-03,  9.772635E-01,  9.597580E-01,  9.844320E-01,system_clock_wall,20260809T043506Z-608942,results/enzyme_suite_sweep.20260809T043506Z-608942.json
euler,fortad-grad,100,100,100,40000,7,  3.642993E-03,  3.596465E-03,  3.830897E-03,  9.107483E-01,  8.991162E-01,  9.577243E-01,system_clock_wall,20260809T043506Z-608942,results/enzyme_suite_sweep.20260809T043506Z-608942.json
euler,primal,100,100,100,40000,7,  8.926347E-03,  8.780291E-03,  1.044991E-02,  2.231587E+00,  2.195073E+00,  2.612477E+00,system_clock_wall,20260809T043506Z-608942,results/enzyme_suite_sweep.20260809T043506Z-608942.json
euler,fortad,1000,1000,1000,4000,7,  8.499823E-03,  8.470929E-03,  8.591746E-03,  2.124956E+00,  2.117732E+00,  2.147937E+00,system_clock_wall,20260809T043506Z-608942,results/enzyme_suite_sweep.20260809T043506Z-608942.json
euler,enzyme,1000,1000,1000,4000,7,  1.566136E-02,  1.560794E-02,  1.583252E-02,  3.915341E+00,  3.901986E+00,  3.958129E+00,system_clock_wall,20260809T043506Z-608942,results/enzyme_suite_sweep.20260809T043506Z-608942.json
euler,tapenade,1000,1000,1000,4000,7,  3.530942E-03,  3.516856E-03,  3.556219E-03,  8.827355E-01,  8.792140E-01,  8.890548E-01,system_clock_wall,20260809T043506Z-608942,results/enzyme_suite_sweep.20260809T043506Z-608942.json
euler,fortad-grad,1000,1000,1000,4000,7,  3.335023E-03,  3.283165E-03,  3.394315E-03,  8.337558E-01,  8.207912E-01,  8.485788E-01,system_clock_wall,20260809T043506Z-608942,results/enzyme_suite_sweep.20260809T043506Z-608942.json
euler,primal,1000,1000,1000,4000,7,  1.024733E-02,  1.016487E-02,  1.033152E-02,  2.561834E+00,  2.541218E+00,  2.582881E+00,system_clock_wall,20260809T043506Z-608942,results/enzyme_suite_sweep.20260809T043506Z-608942.json
euler,fortad,10000,10000,10000,400,7,  8.525572E-03,  8.494012E-03,  8.593369E-03,  2.131393E+00,  2.123503E+00,  2.148342E+00,system_clock_wall,20260809T043506Z-608942,results/enzyme_suite_sweep.20260809T043506Z-608942.json
euler,enzyme,10000,10000,10000,400,7,  1.580984E-02,  1.576303E-02,  1.596766E-02,  3.952461E+00,  3.940756E+00,  3.991915E+00,system_clock_wall,20260809T043506Z-608942,results/enzyme_suite_sweep.20260809T043506Z-608942.json
euler,tapenade,10000,10000,10000,400,7,  3.565567E-03,  3.549257E-03,  3.606114E-03,  8.913918E-01,  8.873142E-01,  9.015285E-01,system_clock_wall,20260809T043506Z-608942,results/enzyme_suite_sweep.20260809T043506Z-608942.json
euler,fortad-grad,10000,10000,10000,400,7,  3.321838E-03,  3.307531E-03,  3.388514E-03,  8.304595E-01,  8.268827E-01,  8.471285E-01,system_clock_wall,20260809T043506Z-608942,results/enzyme_suite_sweep.20260809T043506Z-608942.json
euler,primal,10000,10000,10000,400,7,  1.037508E-02,  1.035062E-02,  1.054194E-02,  2.593769E+00,  2.587655E+00,  2.635485E+00,system_clock_wall,20260809T043506Z-608942,results/enzyme_suite_sweep.20260809T043506Z-608942.json
euler,fortad,100000,100000,100000,40,7,  8.702755E-03,  8.625099E-03,  8.755685E-03,  2.175689E+00,  2.156275E+00,  2.188921E+00,system_clock_wall,20260809T043506Z-608942,results/enzyme_suite_sweep.20260809T043506Z-608942.json
euler,enzyme,100000,100000,100000,40,7,  1.591702E-02,  1.585300E-02,  1.625706E-02,  3.979254E+00,  3.963249E+00,  4.064264E+00,system_clock_wall,20260809T043506Z-608942,results/enzyme_suite_sweep.20260809T043506Z-608942.json
euler,tapenade,100000,100000,100000,40,7,  3.752449E-03,  3.698177E-03,  3.849572E-03,  9.381122E-01,  9.245442E-01,  9.623930E-01,system_clock_wall,20260809T043506Z-608942,results/enzyme_suite_sweep.20260809T043506Z-608942.json
euler,fortad-grad,100000,100000,100000,40,7,  3.390337E-03,  3.333981E-03,  3.433629E-03,  8.475843E-01,  8.334953E-01,  8.584072E-01,system_clock_wall,20260809T043506Z-608942,results/enzyme_suite_sweep.20260809T043506Z-608942.json
euler,primal,100000,100000,100000,40,7,  1.041595E-02,  1.033049E-02,  1.044834E-02,  2.603988E+00,  2.582623E+00,  2.612086E+00,system_clock_wall,20260809T043506Z-608942,results/enzyme_suite_sweep.20260809T043506Z-608942.json
euler,fortad,1000000,1000000,1000000,4,7,  9.092520E-03,  8.960220E-03,  9.155498E-03,  2.273130E+00,  2.240055E+00,  2.288874E+00,system_clock_wall,20260809T043506Z-608942,results/enzyme_suite_sweep.20260809T043506Z-608942.json
euler,enzyme,1000000,1000000,1000000,4,7,  1.639028E-02,  1.625531E-02,  1.661251E-02,  4.097569E+00,  4.063828E+00,  4.153126E+00,system_clock_wall,20260809T043506Z-608942,results/enzyme_suite_sweep.20260809T043506Z-608942.json
euler,tapenade,1000000,1000000,1000000,4,7,  4.389209E-03,  4.277399E-03,  4.465743E-03,  1.097302E+00,  1.069350E+00,  1.116436E+00,system_clock_wall,20260809T043506Z-608942,results/enzyme_suite_sweep.20260809T043506Z-608942.json
euler,fortad-grad,1000000,1000000,1000000,4,7,  3.922179E-03,  3.773349E-03,  3.988364E-03,  9.805447E-01,  9.433373E-01,  9.970910E-01,system_clock_wall,20260809T043506Z-608942,results/enzyme_suite_sweep.20260809T043506Z-608942.json
euler,primal,1000000,1000000,1000000,4,7,  1.038169E-02,  1.020185E-02,  1.056347E-02,  2.595422E+00,  2.550462E+00,  2.640868E+00,system_clock_wall,20260809T043506Z-608942,results/enzyme_suite_sweep.20260809T043506Z-608942.json
rk4,fortad,100,100,100,40000,7,  9.369731E-03,  9.309579E-03,  9.391994E-03,  2.342433E+00,  2.327395E+00,  2.347999E+00,system_clock_wall,20260809T043506Z-608942,results/enzyme_suite_sweep.20260809T043506Z-608942.json
rk4,enzyme,100,100,100,40000,7,  7.880950E-02,  7.869371E-02,  7.920124E-02,  1.970237E+01,  1.967343E+01,  1.980031E+01,system_clock_wall,20260809T043506Z-608942,results/enzyme_suite_sweep.20260809T043506Z-608942.json
rk4,tapenade,100,100,100,40000,7,  3.637326E-02,  3.634656E-02,  3.640574E-02,  9.093316E+00,  9.086641E+00,  9.101436E+00,system_clock_wall,20260809T043506Z-608942,results/enzyme_suite_sweep.20260809T043506Z-608942.json
rk4,fortad-grad,100,100,100,40000,7,  3.795570E-03,  3.786804E-03,  3.815619E-03,  9.488925E-01,  9.467010E-01,  9.539047E-01,system_clock_wall,20260809T043506Z-608942,results/enzyme_suite_sweep.20260809T043506Z-608942.json
rk4,primal,100,100,100,40000,7,  5.439744E-02,  5.430987E-02,  5.472546E-02,  1.359936E+01,  1.357747E+01,  1.368136E+01,system_clock_wall,20260809T043506Z-608942,results/enzyme_suite_sweep.20260809T043506Z-608942.json
rk4,fortad,1000,1000,1000,4000,7,  8.644465E-03,  8.382692E-03,  8.667058E-03,  2.161116E+00,  2.095673E+00,  2.166765E+00,system_clock_wall,20260809T043506Z-608942,results/enzyme_suite_sweep.20260809T043506Z-608942.json
rk4,enzyme,1000,1000,1000,4000,7,  7.988873E-02,  7.931253E-02,  8.116838E-02,  1.997218E+01,  1.982813E+01,  2.029210E+01,system_clock_wall,20260809T043506Z-608942,results/enzyme_suite_sweep.20260809T043506Z-608942.json
rk4,tapenade,1000,1000,1000,4000,7,  3.607946E-02,  3.590079E-02,  3.652642E-02,  9.019865E+00,  8.975198E+00,  9.131605E+00,system_clock_wall,20260809T043506Z-608942,results/enzyme_suite_sweep.20260809T043506Z-608942.json
rk4,fortad-grad,1000,1000,1000,4000,7,  3.356974E-03,  3.340814E-03,  3.455210E-03,  8.392435E-01,  8.352035E-01,  8.638025E-01,system_clock_wall,20260809T043506Z-608942,results/enzyme_suite_sweep.20260809T043506Z-608942.json
rk4,primal,1000,1000,1000,4000,7,  5.552797E-02,  5.499594E-02,  5.684548E-02,  1.388199E+01,  1.374898E+01,  1.421137E+01,system_clock_wall,20260809T043506Z-608942,results/enzyme_suite_sweep.20260809T043506Z-608942.json
rk4,fortad,10000,10000,10000,400,7,  8.588641E-03,  8.466861E-03,  8.615390E-03,  2.147160E+00,  2.116715E+00,  2.153847E+00,system_clock_wall,20260809T043506Z-608942,results/enzyme_suite_sweep.20260809T043506Z-608942.json
rk4,enzyme,10000,10000,10000,400,7,  7.986235E-02,  7.907103E-02,  7.996932E-02,  1.996559E+01,  1.976776E+01,  1.999233E+01,system_clock_wall,20260809T043506Z-608942,results/enzyme_suite_sweep.20260809T043506Z-608942.json
rk4,tapenade,10000,10000,10000,400,7,  3.611186E-02,  3.578185E-02,  3.653488E-02,  9.027965E+00,  8.945462E+00,  9.133719E+00,system_clock_wall,20260809T043506Z-608942,results/enzyme_suite_sweep.20260809T043506Z-608942.json
rk4,fortad-grad,10000,10000,10000,400,7,  3.312290E-03,  3.285519E-03,  3.450441E-03,  8.280725E-01,  8.213797E-01,  8.626103E-01,system_clock_wall,20260809T043506Z-608942,results/enzyme_suite_sweep.20260809T043506Z-608942.json
rk4,primal,10000,10000,10000,400,7,  5.563884E-02,  5.495901E-02,  5.584636E-02,  1.390971E+01,  1.373975E+01,  1.396159E+01,system_clock_wall,20260809T043506Z-608942,results/enzyme_suite_sweep.20260809T043506Z-608942.json
rk4,fortad,100000,100000,100000,40,7,  8.815658E-03,  8.784840E-03,  8.876332E-03,  2.203915E+00,  2.196210E+00,  2.219083E+00,system_clock_wall,20260809T043506Z-608942,results/enzyme_suite_sweep.20260809T043506Z-608942.json
rk4,enzyme,100000,100000,100000,40,7,  8.018254E-02,  7.971262E-02,  8.049067E-02,  2.004563E+01,  1.992816E+01,  2.012267E+01,system_clock_wall,20260809T043506Z-608942,results/enzyme_suite_sweep.20260809T043506Z-608942.json
rk4,tapenade,100000,100000,100000,40,7,  3.636466E-02,  3.623632E-02,  3.657671E-02,  9.091164E+00,  9.059079E+00,  9.144177E+00,system_clock_wall,20260809T043506Z-608942,results/enzyme_suite_sweep.20260809T043506Z-608942.json
rk4,fortad-grad,100000,100000,100000,40,7,  3.412970E-03,  3.398612E-03,  3.419552E-03,  8.532425E-01,  8.496530E-01,  8.548880E-01,system_clock_wall,20260809T043506Z-608942,results/enzyme_suite_sweep.20260809T043506Z-608942.json
rk4,primal,100000,100000,100000,40,7,  5.580407E-02,  5.566102E-02,  5.603791E-02,  1.395102E+01,  1.391526E+01,  1.400948E+01,system_clock_wall,20260809T043506Z-608942,results/enzyme_suite_sweep.20260809T043506Z-608942.json
rk4,fortad,1000000,1000000,1000000,4,7,  9.130711E-03,  9.093572E-03,  1.025024E-02,  2.282678E+00,  2.273393E+00,  2.562560E+00,system_clock_wall,20260809T043506Z-608942,results/enzyme_suite_sweep.20260809T043506Z-608942.json
rk4,enzyme,1000000,1000000,1000000,4,7,  7.990751E-02,  7.971494E-02,  8.044568E-02,  1.997688E+01,  1.992874E+01,  2.011142E+01,system_clock_wall,20260809T043506Z-608942,results/enzyme_suite_sweep.20260809T043506Z-608942.json
rk4,tapenade,1000000,1000000,1000000,4,7,  3.677432E-02,  3.649706E-02,  3.780098E-02,  9.193580E+00,  9.124264E+00,  9.450246E+00,system_clock_wall,20260809T043506Z-608942,results/enzyme_suite_sweep.20260809T043506Z-608942.json
rk4,fortad-grad,1000000,1000000,1000000,4,7,  3.857727E-03,  3.840205E-03,  3.976742E-03,  9.644318E-01,  9.600513E-01,  9.941855E-01,system_clock_wall,20260809T043506Z-608942,results/enzyme_suite_sweep.20260809T043506Z-608942.json
rk4,primal,1000000,1000000,1000000,4,7,  5.550977E-02,  5.524463E-02,  5.588506E-02,  1.387744E+01,  1.381116E+01,  1.397127E+01,system_clock_wall,20260809T043506Z-608942,results/enzyme_suite_sweep.20260809T043506Z-608942.json
ba,fortad,100,300,300,13333,7,  2.053509E-02,  2.043800E-02,  2.066357E-02,  5.133900E+00,  5.109628E+00,  5.166021E+00,system_clock_wall,20260809T043506Z-608942,results/enzyme_suite_sweep.20260809T043506Z-608942.json
ba,enzyme,100,300,300,13333,7,  3.294523E-02,  3.283062E-02,  3.312479E-02,  8.236512E+00,  8.207860E+00,  8.281405E+00,system_clock_wall,20260809T043506Z-608942,results/enzyme_suite_sweep.20260809T043506Z-608942.json
ba,tapenade,100,300,300,13333,7,  7.615381E-02,  7.556155E-02,  7.712084E-02,  1.903893E+01,  1.889086E+01,  1.928069E+01,system_clock_wall,20260809T043506Z-608942,results/enzyme_suite_sweep.20260809T043506Z-608942.json
ba,fortad-grad,100,300,300,13333,7,  1.177321E-02,  1.168540E-02,  1.195452E-02,  2.943376E+00,  2.921424E+00,  2.988705E+00,system_clock_wall,20260809T043506Z-608942,results/enzyme_suite_sweep.20260809T043506Z-608942.json
ba,primal,100,300,300,13333,7,  9.167049E-03,  9.087931E-03,  9.287216E-03,  2.291820E+00,  2.272040E+00,  2.321862E+00,system_clock_wall,20260809T043506Z-608942,results/enzyme_suite_sweep.20260809T043506Z-608942.json
ba,fortad,1000,3000,3000,1333,7,  2.027383E-02,  2.003259E-02,  2.051802E-02,  5.069726E+00,  5.009400E+00,  5.130789E+00,system_clock_wall,20260809T043506Z-608942,results/enzyme_suite_sweep.20260809T043506Z-608942.json
ba,enzyme,1000,3000,3000,1333,7,  3.263227E-02,  3.232470E-02,  3.290349E-02,  8.160107E+00,  8.083195E+00,  8.227929E+00,system_clock_wall,20260809T043506Z-608942,results/enzyme_suite_sweep.20260809T043506Z-608942.json
ba,tapenade,1000,3000,3000,1333,7,  7.549202E-02,  7.470126E-02,  7.619974E-02,  1.887772E+01,  1.867998E+01,  1.905470E+01,system_clock_wall,20260809T043506Z-608942,results/enzyme_suite_sweep.20260809T043506Z-608942.json
ba,fortad-grad,1000,3000,3000,1333,7,  1.159943E-02,  1.146089E-02,  1.173725E-02,  2.900583E+00,  2.865939E+00,  2.935047E+00,system_clock_wall,20260809T043506Z-608942,results/enzyme_suite_sweep.20260809T043506Z-608942.json
ba,primal,1000,3000,3000,1333,7,  8.948828E-03,  8.876673E-03,  9.045621E-03,  2.237766E+00,  2.219723E+00,  2.261971E+00,system_clock_wall,20260809T043506Z-608942,results/enzyme_suite_sweep.20260809T043506Z-608942.json
ba,fortad,10000,30000,30000,133,7,  2.034623E-02,  2.027050E-02,  2.060107E-02,  5.099306E+00,  5.080325E+00,  5.163175E+00,system_clock_wall,20260809T043506Z-608942,results/enzyme_suite_sweep.20260809T043506Z-608942.json
ba,enzyme,10000,30000,30000,133,7,  3.263069E-02,  3.256003E-02,  3.276753E-02,  8.178119E+00,  8.160409E+00,  8.212414E+00,system_clock_wall,20260809T043506Z-608942,results/enzyme_suite_sweep.20260809T043506Z-608942.json
ba,tapenade,10000,30000,30000,133,7,  7.620150E-02,  7.589214E-02,  7.633173E-02,  1.909812E+01,  1.902059E+01,  1.913076E+01,system_clock_wall,20260809T043506Z-608942,results/enzyme_suite_sweep.20260809T043506Z-608942.json
ba,fortad-grad,10000,30000,30000,133,7,  1.158418E-02,  1.153357E-02,  1.163192E-02,  2.903304E+00,  2.890619E+00,  2.915269E+00,system_clock_wall,20260809T043506Z-608942,results/enzyme_suite_sweep.20260809T043506Z-608942.json
ba,primal,10000,30000,30000,133,7,  8.913192E-03,  8.902071E-03,  9.018110E-03,  2.233883E+00,  2.231095E+00,  2.260178E+00,system_clock_wall,20260809T043506Z-608942,results/enzyme_suite_sweep.20260809T043506Z-608942.json
ba,fortad,100000,300000,300000,13,7,  2.001118E-02,  1.985987E-02,  2.011935E-02,  5.131072E+00,  5.092275E+00,  5.158808E+00,system_clock_wall,20260809T043506Z-608942,results/enzyme_suite_sweep.20260809T043506Z-608942.json
ba,enzyme,100000,300000,300000,13,7,  3.200159E-02,  3.177984E-02,  3.229160E-02,  8.205535E+00,  8.148677E+00,  8.279898E+00,system_clock_wall,20260809T043506Z-608942,results/enzyme_suite_sweep.20260809T043506Z-608942.json
ba,tapenade,100000,300000,300000,13,7,  7.424372E-02,  7.411032E-02,  7.465463E-02,  1.903685E+01,  1.900265E+01,  1.914221E+01,system_clock_wall,20260809T043506Z-608942,results/enzyme_suite_sweep.20260809T043506Z-608942.json
ba,fortad-grad,100000,300000,300000,13,7,  1.154852E-02,  1.144396E-02,  1.161177E-02,  2.961158E+00,  2.934348E+00,  2.977376E+00,system_clock_wall,20260809T043506Z-608942,results/enzyme_suite_sweep.20260809T043506Z-608942.json
ba,primal,100000,300000,300000,13,7,  8.691234E-03,  8.619769E-03,  8.744324E-03,  2.228522E+00,  2.210197E+00,  2.242134E+00,system_clock_wall,20260809T043506Z-608942,results/enzyme_suite_sweep.20260809T043506Z-608942.json
ba,fortad,1000000,3000000,3000000,3,7,  4.923776E-02,  4.820933E-02,  4.996189E-02,  5.470862E+00,  5.356592E+00,  5.551322E+00,system_clock_wall,20260809T043506Z-608942,results/enzyme_suite_sweep.20260809T043506Z-608942.json
ba,enzyme,1000000,3000000,3000000,3,7,  7.703985E-02,  7.637934E-02,  7.768363E-02,  8.559983E+00,  8.486594E+00,  8.631514E+00,system_clock_wall,20260809T043506Z-608942,results/enzyme_suite_sweep.20260809T043506Z-608942.json
ba,tapenade,1000000,3000000,3000000,3,7,  1.796389E-01,  1.779521E-01,  1.799955E-01,  1.995988E+01,  1.977245E+01,  1.999950E+01,system_clock_wall,20260809T043506Z-608942,results/enzyme_suite_sweep.20260809T043506Z-608942.json
ba,fortad-grad,1000000,3000000,3000000,3,7,  2.888206E-02,  2.863255E-02,  2.982271E-02,  3.209118E+00,  3.181395E+00,  3.313635E+00,system_clock_wall,20260809T043506Z-608942,results/enzyme_suite_sweep.20260809T043506Z-608942.json
ba,primal,1000000,3000000,3000000,3,7,  2.014225E-02,  1.991612E-02,  2.019183E-02,  2.238027E+00,  2.212902E+00,  2.243537E+00,system_clock_wall,20260809T043506Z-608942,results/enzyme_suite_sweep.20260809T043506Z-608942.json
bruss,fortad,100,100,100,40000,7,  3.837727E-02,  3.830796E-02,  3.866750E-02,  9.594317E+00,  9.576989E+00,  9.666874E+00,system_clock_wall,20260809T043506Z-608942,results/enzyme_suite_sweep.20260809T043506Z-608942.json
bruss,enzyme,100,100,100,40000,7,  4.894505E-02,  4.865117E-02,  4.911655E-02,  1.223626E+01,  1.216279E+01,  1.227914E+01,system_clock_wall,20260809T043506Z-608942,results/enzyme_suite_sweep.20260809T043506Z-608942.json
bruss,tapenade,100,100,100,40000,7,  5.766027E-02,  5.744127E-02,  5.939760E-02,  1.441507E+01,  1.436032E+01,  1.484940E+01,system_clock_wall,20260809T043506Z-608942,results/enzyme_suite_sweep.20260809T043506Z-608942.json
bruss,fortad-grad,100,100,100,40000,7,  3.790263E-02,  3.768325E-02,  3.817973E-02,  9.475656E+00,  9.420813E+00,  9.544932E+00,system_clock_wall,20260809T043506Z-608942,results/enzyme_suite_sweep.20260809T043506Z-608942.json
bruss,primal,100,100,100,40000,7,  2.165780E-02,  2.138654E-02,  2.201308E-02,  5.414450E+00,  5.346635E+00,  5.503270E+00,system_clock_wall,20260809T043506Z-608942,results/enzyme_suite_sweep.20260809T043506Z-608942.json
bruss,fortad,1000,1000,1000,4000,7,  3.833330E-02,  3.824552E-02,  3.850043E-02,  9.583324E+00,  9.561380E+00,  9.625108E+00,system_clock_wall,20260809T043506Z-608942,results/enzyme_suite_sweep.20260809T043506Z-608942.json
bruss,enzyme,1000,1000,1000,4000,7,  4.820454E-02,  4.804039E-02,  4.842007E-02,  1.205114E+01,  1.201010E+01,  1.210502E+01,system_clock_wall,20260809T043506Z-608942,results/enzyme_suite_sweep.20260809T043506Z-608942.json
bruss,tapenade,1000,1000,1000,4000,7,  5.739369E-02,  5.712711E-02,  5.765977E-02,  1.434842E+01,  1.428178E+01,  1.441494E+01,system_clock_wall,20260809T043506Z-608942,results/enzyme_suite_sweep.20260809T043506Z-608942.json
bruss,fortad-grad,1000,1000,1000,4000,7,  3.793336E-02,  3.770593E-02,  3.805348E-02,  9.483341E+00,  9.426483E+00,  9.513370E+00,system_clock_wall,20260809T043506Z-608942,results/enzyme_suite_sweep.20260809T043506Z-608942.json
bruss,primal,1000,1000,1000,4000,7,  2.155218E-02,  2.149974E-02,  2.194560E-02,  5.388046E+00,  5.374936E+00,  5.486401E+00,system_clock_wall,20260809T043506Z-608942,results/enzyme_suite_sweep.20260809T043506Z-608942.json
bruss,fortad,10000,10000,10000,400,7,  3.847577E-02,  3.826950E-02,  3.873096E-02,  9.618941E+00,  9.567374E+00,  9.682739E+00,system_clock_wall,20260809T043506Z-608942,results/enzyme_suite_sweep.20260809T043506Z-608942.json
bruss,enzyme,10000,10000,10000,400,7,  4.826706E-02,  4.812402E-02,  4.833198E-02,  1.206677E+01,  1.203101E+01,  1.208300E+01,system_clock_wall,20260809T043506Z-608942,results/enzyme_suite_sweep.20260809T043506Z-608942.json
bruss,tapenade,10000,10000,10000,400,7,  5.757164E-02,  5.725609E-02,  5.826263E-02,  1.439291E+01,  1.431402E+01,  1.456566E+01,system_clock_wall,20260809T043506Z-608942,results/enzyme_suite_sweep.20260809T043506Z-608942.json
bruss,fortad-grad,10000,10000,10000,400,7,  3.807355E-02,  3.777404E-02,  3.814132E-02,  9.518387E+00,  9.443511E+00,  9.535331E+00,system_clock_wall,20260809T043506Z-608942,results/enzyme_suite_sweep.20260809T043506Z-608942.json
bruss,primal,10000,10000,10000,400,7,  2.165162E-02,  2.150570E-02,  2.194314E-02,  5.412905E+00,  5.376426E+00,  5.485785E+00,system_clock_wall,20260809T043506Z-608942,results/enzyme_suite_sweep.20260809T043506Z-608942.json
bruss,fortad,100000,100000,100000,40,7,  3.873233E-02,  3.851630E-02,  3.911407E-02,  9.683082E+00,  9.629075E+00,  9.778517E+00,system_clock_wall,20260809T043506Z-608942,results/enzyme_suite_sweep.20260809T043506Z-608942.json
bruss,enzyme,100000,100000,100000,40,7,  4.855327E-02,  4.819266E-02,  4.878473E-02,  1.213832E+01,  1.204816E+01,  1.219618E+01,system_clock_wall,20260809T043506Z-608942,results/enzyme_suite_sweep.20260809T043506Z-608942.json
bruss,tapenade,100000,100000,100000,40,7,  5.814366E-02,  5.760087E-02,  5.860644E-02,  1.453591E+01,  1.440022E+01,  1.465161E+01,system_clock_wall,20260809T043506Z-608942,results/enzyme_suite_sweep.20260809T043506Z-608942.json
bruss,fortad-grad,100000,100000,100000,40,7,  3.837582E-02,  3.829042E-02,  3.877695E-02,  9.593954E+00,  9.572604E+00,  9.694238E+00,system_clock_wall,20260809T043506Z-608942,results/enzyme_suite_sweep.20260809T043506Z-608942.json
bruss,primal,100000,100000,100000,40,7,  2.173364E-02,  2.154099E-02,  2.181513E-02,  5.433411E+00,  5.385248E+00,  5.453782E+00,system_clock_wall,20260809T043506Z-608942,results/enzyme_suite_sweep.20260809T043506Z-608942.json
